{
	"start_learning_rate": [0.1, 0.01, 0.001, 0.0001, 0.00001, 0.9, 2.0],
	"block_config": [
		[2, 4, 6, 12],
		[3, 6, 9, 12],
		[3, 3, 3, 12],
		[1, 2, 3, 4],
		[4, 4, 4, 8],
		[3, 3, 3, 15],
		[3, 9, 9, 12]
	],
	"label_noise": [0.001, 0.1, 0.01, 0.0001, 0.00001, 1.0],
	"learning_rate_reduce": [[-1], [50], [75], [90]],
     "momentum": [0.8, 0.85, 0.9, 0.95, 0.99, 1.1]
}
